Cluster,n,Recency,TotalPurchases,TotalSpend,AOV,Age,Income,Response,WebConvRate_Approx,CLV_Proxy,Share_NumWebPurchases,Share_NumCatalogPurchases,Share_NumStorePurchases,Share_NumDealsPurchases,SilhouetteScore_overall,MeanARI_model_stability
0,695,54.0,21.0,1289.0,65.26086956521739,45.0,74165.0,0.24172661870503598,2.0252369532945074,401.7701259241947,0.2421235617382489,0.27318262002105953,0.41053816295713735,0.07415565528355411,0.2052788608819093,0.877131525275914
2,640,46.0,18.0,462.0,26.24404761904762,48.0,53128.5,0.153125,1.0870021081349206,144.79897893698808,0.3351424816096836,0.12506711508330354,0.3450587918407789,0.19473161146623388,0.2052788608819093,0.877131525275914
1,886,49.0,7.0,55.0,8.166666666666666,41.0,33297.5,0.07223476297968397,0.3000622559031137,24.803731805330877,0.23450498024010835,0.048004114812141625,0.46305789687893656,0.2544330080688134,0.2052788608819093,0.877131525275914
