Cluster,n,response_rate,AOV_mean,ROAS_proxy,ROI_proxy,recommend,contacts_quota
1,886,0.07223476297968397,9.458635878093785,0.22774744025507984,-0.7722525597449201,DO_NOT_CONTACT,0
0,695,0.24172661870503598,66.04311385094228,5.321459533313335,4.321459533313335,CONTACT,2633
2,640,0.153125,27.692657346479837,1.4134793853932417,0.41347938539324175,CONTACT,699
