Cluster,n,response_rate,Recency_median,AOV_mean,Income_median,TotalSpend_median,lift_vs_baseline,ROAS_proxy,ROI_proxy,recommend
1,886,0.072235,49.0,9.458636,33297.5,55.0,0.486162,0.227747,-0.772253,DO_NOT_CONTACT
0,695,0.241727,54.0,66.043114,74165.0,1289.0,1.626893,5.32146,4.32146,CONTACT
2,640,0.153125,46.0,27.692657,53128.5,462.0,1.030578,1.413479,0.413479,CONTACT
